cell_id	0	1
Lnuclei-pool51-S1-A	2.4237895087731957e-81	1.0
Lnuclei-pool51-S1-B	3.886139001873394e-166	1.0
Lnuclei-pool51-S1-C	1.7965591817956914e-289	1.0
Lnuclei-pool51-S1-D	1.813149685756755e-162	1.0
Lnuclei-pool52-S1-A	6.39650706624095e-251	1.0
Lnuclei-pool52-S1-B	1.0	1.306750144759671e-47
Lnuclei-pool52-S1-C	1.0	3.324278228189667e-34
Lnuclei-pool53-S1-A	4.73483e-319	1.0
Lnuclei-pool53-S1-B	1.0	1.738770857402682e-203
Lnuclei-pool53-S1-C	3.637875375774066e-281	1.0
Lnuclei-pool53-S1-D	3.2814465789536257e-271	1.0
Lnuclei-pool54-S1-A	1.0	0.0
Lnuclei-pool54-S1-B	0.0	1.0
Lnuclei-pool54-S1-C	0.0	1.0
Lnuclei-pool54-S1-D	1.0	0.0
Lnuclei-pool55-S1-A	1.0	2.592371261139668e-296
Lnuclei-pool55-S1-B	0.0	1.0
Lnuclei-pool55-S1-C	0.0	1.0
Lnuclei-pool55-S1-D	1.0	0.0
Lnuclei-pool56-S1-A	1.0	0.0
Lnuclei-pool56-S1-B	2.1424493215979204e-276	1.0
Lnuclei-pool56-S1-C	1.0	0.0
Lnuclei-pool56-S1-D	1.0	0.0
Lnuclei-pool57-S1-A	1.0	0.0
Lnuclei-pool57-S1-B	1.0	0.0
Lnuclei-pool57-S1-C	1.0	0.0
Lnuclei-pool57-S1-D	0.0	1.0
Lnuclei-pool58-S1-A	1.0	0.0
Lnuclei-pool58-S1-B	1.0	1.53960287672402e-276
Lnuclei-pool58-S1-C	1.0	0.0
Lnuclei-pool58-S1-D	1.0	0.0
Lnuclei-pool59-S1-A	0.0	1.0
Lnuclei-pool59-S1-B	3.189107627453383e-192	1.0
Lnuclei-pool59-S1-C	1.0	0.0
Lnuclei-pool59-S1-D	0.0	1.0
Lnuclei-pool60-S1-A	1.0	0.0
Lnuclei-pool60-S1-B	0.0	1.0
Lnuclei-pool60-S1-C	1.0	0.0
Lnuclei-pool60-S1-D	1.0	1.56e-321
Lnuclei-pool76-S7-A-TAGCTT	1.0	5.056352923103997e-279
Lnuclei-pool76-S7-B-ACTTGA	1.0	0.0
Lnuclei-pool76-S7-C-GCCAAT	0.0	1.0
Lnuclei-pool76-S7-H-CAGATC	1.4561730111564838e-131	1.0
Lnuclei-pool76-S7-J-GACGAG	1.0	5.058588100324063e-284
Lnuclei-pool76-S7-K-AAGGTC	6.915150352881025e-287	1.0
Lnuclei-pool76-S7-L-TGTAGC	1.0	7.50400901086889e-290
Lnuclei-pool76-S7-N-CTACTG	1.0	0.0
Lnuclei-pool76-S7-O-CATATG	0.0	1.0
Lnuclei-pool76-S7-P-GTATAC	1.0	1.4410217400347513e-275
Lnuclei-pool76-S7-Q-ACCTTC	0.0	1.0
Lnuclei-pool77-S8-A-TAGCTT	6.621100618522877e-92	1.0
Lnuclei-pool77-S8-B-ACTTGA	0.0	1.0
Lnuclei-pool77-S8-C-GCCAAT	1.0	8.766704217197074e-130
Lnuclei-pool77-S8-D-CGATGT	1.0	2.0998867434094617e-54
Lnuclei-pool77-S8-H-CAGATC	0.0	1.0
Lnuclei-pool77-S8-J-GACGAG	1.0	0.0
Lnuclei-pool77-S8-K-AAGGTC	1.1163609460303115e-226	1.0
Lnuclei-pool77-S8-L-TGTAGC	1.0	9.01877460604258e-122
Lnuclei-pool77-S8-M-TTGGCA	1.0	2.1383662407292743e-261
Lnuclei-pool77-S8-P-GTATAC	1.0	0.0
Lnuclei-pool77-S8-Q-ACCTTC	0.0	1.0
Lnuclei-pool78-S9-A-TAGCTT	1.226995658071124e-155	1.0
Lnuclei-pool78-S9-B-ACTTGA	2.1455914689687978e-270	1.0
Lnuclei-pool78-S9-C-GCCAAT	1.0	1.259111262056928e-159
Lnuclei-pool78-S9-F-ATCACG	2.1438315193330663e-280	1.0
Lnuclei-pool78-S9-H-CAGATC	1.2580106314419038e-73	1.0
Lnuclei-pool78-S9-J-GACGAG	4.459913403677257e-129	1.0
Lnuclei-pool78-S9-K-AAGGTC	1.341986337017822e-121	1.0
Lnuclei-pool78-S9-L-TGTAGC	1.0	6.917032017264383e-79
Lnuclei-pool78-S9-M-TTGGCA	2.5200819849081167e-222	1.0
Lnuclei-pool78-S9-N-CTACTG	1.0	0.0
Lnuclei-pool78-S9-O-CATATG	1.0	4.824187199433272e-216
Lnuclei-pool78-S9-Q-ACCTTC	1.0	0.0
Lnuclei-pool79-S10-A-TAGCTT	1.0	0.0
Lnuclei-pool79-S10-B-ACTTGA	1.0	7.412371383916915e-227
Lnuclei-pool79-S10-C-GCCAAT	1.223996542832507e-253	1.0
Lnuclei-pool79-S10-D-CGATGT	1.0	0.0
Lnuclei-pool79-S10-F-ATCACG	1.0	9.406597878216069e-275
Lnuclei-pool79-S10-H-CAGATC	2.516409080771899e-304	1.0
Lnuclei-pool79-S10-I-CTTGTA	1.0	0.0
Lnuclei-pool79-S10-J-GACGAG	1.0	3.1495353023267615e-250
Lnuclei-pool79-S10-K-AAGGTC	1.0	4.895539650689066e-283
Lnuclei-pool79-S10-L-TGTAGC	1.0	7.163346281508943e-237
Lnuclei-pool79-S10-M-TTGGCA	1.3963881922622783e-212	1.0
Lnuclei-pool79-S10-N-CTACTG	2.1143601568987058e-241	1.0
Lnuclei-pool79-S10-O-CATATG	1.589547295430483e-92	1.0
Lnuclei-pool79-S10-P-GTATAC	1.0	3.9005554332803763e-163
Lnuclei-pool79-S10-Q-ACCTTC	1.0	0.0
Lnuclei-pool80-S11-A-TAGCTT	1.0	6.258295392721947e-299
Lnuclei-pool80-S11-B-ACTTGA	5.206756696644064e-275	1.0
Lnuclei-pool80-S11-C-GCCAAT	8.681905137985732e-246	1.0
Lnuclei-pool80-S11-D-CGATGT	1.0	3.5200770288289435e-270
Lnuclei-pool80-S11-G-TGACCA	1.0	0.0
Lnuclei-pool80-S11-H-CAGATC	1.0	8.4e-323
Lnuclei-pool80-S11-I-CTTGTA	1.0	8.32390948892183e-80
Lnuclei-pool80-S11-J-GACGAG	2.8314705998630637e-221	1.0
Lnuclei-pool80-S11-K-AAGGTC	1.0	1.9817969316320817e-99
Lnuclei-pool80-S11-L-TGTAGC	2.14418348120313e-139	1.0
Lnuclei-pool80-S11-M-TTGGCA	1.0	0.0
Lnuclei-pool80-S11-N-CTACTG	1.0	1.3760841821518775e-300
Lnuclei-pool80-S11-O-CATATG	5.1371132259664414e-210	1.0
Lnuclei-pool80-S11-P-GTATAC	1.0	2.880475421960744e-199
Lnuclei-pool80-S11-Q-ACCTTC	3.647482194279321e-49	1.0
Lnuclei-pool81-S12-A-TAGCTT	0.0	1.0
Lnuclei-pool81-S12-B-ACTTGA	1.0	0.0
Lnuclei-pool81-S12-C-GCCAAT	1.0	1.053498499815017e-239
Lnuclei-pool81-S12-D-CGATGT	1.0	8.626933616501872e-231
Lnuclei-pool81-S12-H-CAGATC	1.7663343927487118e-292	1.0
Lnuclei-pool81-S12-J-GACGAG	1.451765616818828e-119	1.0
Lnuclei-pool81-S12-K-AAGGTC	1.0	6.1885899131e-313
Lnuclei-pool81-S12-L-TGTAGC	1.0	5.321906446043234e-95
Lnuclei-pool81-S12-M-TTGGCA	4.77066245517791e-232	1.0
Lnuclei-pool81-S12-O-CATATG	1.0	9.436463273467596e-261
Lnuclei-pool81-S12-P-GTATAC	1.1417612433e-313	1.0
Lnuclei-pool81-S12-Q-ACCTTC	0.0	1.0
Lnuclei-pool82-S13-A-TAGCTT	1.0	8.016291582170143e-205
Lnuclei-pool82-S13-AA-GGAATG	1.0	1.4579269248068104e-153
Lnuclei-pool82-S13-B-ACTTGA	5.709716569490813e-63	1.0
Lnuclei-pool82-S13-BB-GCTTCA	1.2501302498740157e-143	1.0
Lnuclei-pool82-S13-C-GCCAAT	2.0872906370014278e-92	1.0
Lnuclei-pool82-S13-CC-TCCTAT	7.471807554179234e-118	1.0
Lnuclei-pool82-S13-D-CGATGT	1.0	2.7484588835807234e-92
Lnuclei-pool82-S13-DD-TAAGGC	7.099147501796554e-254	1.0
Lnuclei-pool82-S13-EE-AACCTG	5.3701952843990245e-171	1.0
Lnuclei-pool82-S13-F-ATCACG	1.0	7.000553057031539e-65
Lnuclei-pool82-S13-FF-TTCCCG	1.0	2.39225058728343e-220
Lnuclei-pool82-S13-GG-GATCAT	1.0	4.670601817526782e-165
Lnuclei-pool82-S13-H-CAGATC	1.0	2.8047516483683487e-160
Lnuclei-pool82-S13-HH-GCACTT	2.5699345886058945e-159	1.0
Lnuclei-pool82-S13-I-CTTGTA	1.0	8.175934934180038e-184
Lnuclei-pool82-S13-J-GACGAG	1.0	2.615953932094045e-202
Lnuclei-pool82-S13-K-AAGGTC	1.0	4.10893398877787e-162
Lnuclei-pool82-S13-L-TGTAGC	5.945472571683569e-179	1.0
Lnuclei-pool82-S13-M-TTGGCA	1.0	1.373364687128942e-182
Lnuclei-pool82-S13-O-CATATG	1.0	6.85664033468103e-201
Lnuclei-pool82-S13-P-GTATAC	1.0	3.103555764723021e-169
Lnuclei-pool82-S13-Q-ACCTTC	1.0	1.609075819567548e-246
Lnuclei-pool82-S13-R-CTTCCA	3.729863179158388e-229	1.0
Lnuclei-pool82-S13-S-CGAATG	8.996208037929215e-283	1.0
Lnuclei-pool82-S13-T-AGCATC	1.5093312960761289e-307	1.0
Lnuclei-pool82-S13-U-TACCGA	5.208262712304795e-191	1.0
Lnuclei-pool82-S13-V-CAAGGA	1.0	1.9276006532977304e-281
Lnuclei-pool82-S13-X-CCGTAA	1.0	6.732740369067167e-202
Lnuclei-pool82-S13-Y-ATAGAC	1.5881919312739667e-290	1.0
Lnuclei-pool82-S13-Z-AGGTCT	1.8005846794231983e-237	1.0
Lnuclei-pool83-S14-AA-GGAATG	8.31085540679513e-40	1.0
Lnuclei-pool83-S14-B-ACTTGA	1.0	4.661014370636744e-247
Lnuclei-pool83-S14-BB-GCTTCA	1.0	1.3842874037452638e-228
Lnuclei-pool83-S14-C-GCCAAT	1.0	6.32492050035737e-121
Lnuclei-pool83-S14-CC-TCCTAT	2.247620198413418e-150	1.0
Lnuclei-pool83-S14-D-CGATGT	1.0	1.0998318184532563e-234
Lnuclei-pool83-S14-DD-TAAGGC	5.00251831023294e-109	1.0
Lnuclei-pool83-S14-EE-AACCTG	1.0	1.0154239689275172e-182
Lnuclei-pool83-S14-FF-TTCCCG	1.4122368094271612e-206	1.0
Lnuclei-pool83-S14-GG-GATCAT	1.0	9.411560516930059e-229
Lnuclei-pool83-S14-H-CAGATC	4.390314888833507e-198	1.0
Lnuclei-pool83-S14-HH-GCACTT	1.0	1.672163721358943e-293
Lnuclei-pool83-S14-I-CTTGTA	6.140648161189111e-172	1.0
Lnuclei-pool83-S14-J-GACGAG	1.0	8.447199678431074e-195
Lnuclei-pool83-S14-K-AAGGTC	1.0	1.7368461899571963e-179
Lnuclei-pool83-S14-L-TGTAGC	1.0	2.270760512456247e-61
Lnuclei-pool83-S14-M-TTGGCA	1.0	1.4672258288251905e-117
Lnuclei-pool83-S14-N-CTACTG	1.0	9.727133045340479e-163
Lnuclei-pool83-S14-O-CATATG	1.0	1.8740371459752062e-81
Lnuclei-pool83-S14-P-GTATAC	0.0	1.0
Lnuclei-pool83-S14-Q-ACCTTC	9.237604794314803e-290	1.0
Lnuclei-pool83-S14-R-CTTCCA	7.256086901231968e-121	1.0
Lnuclei-pool83-S14-S-CGAATG	4.4043239964082455e-188	1.0
Lnuclei-pool83-S14-T-AGCATC	1.0	3.0020981214603205e-214
Lnuclei-pool83-S14-U-TACCGA	1.0	2.5794891606165156e-197
Lnuclei-pool83-S14-X-CCGTAA	1.0	1.5876167344157018e-229
Lnuclei-pool83-S14-Y-ATAGAC	3.492513890250353e-243	1.0
Lnuclei-pool83-S14-Z-AGGTCT	1.0	3.2527226814367133e-140
Lnuclei-pool84-S15-A-TAGCTT	4.4902207460746666e-122	1.0
Lnuclei-pool84-S15-AA-GGAATG	3.5592877578805565e-101	1.0
Lnuclei-pool84-S15-B-ACTTGA	1.0	1.170786459371215e-289
Lnuclei-pool84-S15-BB-GCTTCA	0.9999999999999574	3.6483194893217477e-14
Lnuclei-pool84-S15-C-GCCAAT	1.0	3.7062670764479565e-285
Lnuclei-pool84-S15-CC-TCCTAT	1.0	1.0649481309156544e-282
Lnuclei-pool84-S15-D-CGATGT	8.794797706953961e-186	1.0
Lnuclei-pool84-S15-DD-TAAGGC	1.0	3.050021528707068e-208
Lnuclei-pool84-S15-EE-AACCTG	2.606442244205365e-187	1.0
Lnuclei-pool84-S15-FF-TTCCCG	1.04000320951089e-147	1.0
Lnuclei-pool84-S15-G-TGACCA	0.0	1.0
Lnuclei-pool84-S15-GG-GATCAT	1.0	9.088113095146875e-240
Lnuclei-pool84-S15-H-CAGATC	6.277334526781697e-246	1.0
Lnuclei-pool84-S15-HH-GCACTT	1.0	1.86692260224001e-190
Lnuclei-pool84-S15-I-CTTGTA	1.0	2.927461494283318e-172
Lnuclei-pool84-S15-J-GACGAG	8.963286528878009e-157	1.0
Lnuclei-pool84-S15-K-AAGGTC	1.0	1.750613826070863e-130
Lnuclei-pool84-S15-L-TGTAGC	3.7488880874084943e-107	1.0
Lnuclei-pool84-S15-M-TTGGCA	1.0	1.4673236449689646e-144
Lnuclei-pool84-S15-N-CTACTG	4.3247019234088613e-200	1.0
Lnuclei-pool84-S15-O-CATATG	1.0	1.1779165812601253e-85
Lnuclei-pool84-S15-P-GTATAC	9.496543550605054e-244	1.0
Lnuclei-pool84-S15-Q-ACCTTC	8.858775818192295e-234	1.0
Lnuclei-pool84-S15-R-CTTCCA	1.0	1.6088817989897426e-151
Lnuclei-pool84-S15-S-CGAATG	1.0	3.5944789492503547e-283
Lnuclei-pool84-S15-T-AGCATC	1.0	5.5633086715229864e-244
Lnuclei-pool84-S15-U-TACCGA	1.0	6.933682856102461e-176
Lnuclei-pool84-S15-V-CAAGGA	1.3118489076274046e-244	1.0
Lnuclei-pool84-S15-X-CCGTAA	1.0	3.522823142837334e-239
Lnuclei-pool84-S15-Y-ATAGAC	1.0	2.040699611055592e-159
Lnuclei-pool84-S15-Z-AGGTCT	1.0	7.03731550780069e-194
Lnuclei-pool85-S16-A-TAGCTT	1.0	8.926449064474573e-213
Lnuclei-pool85-S16-B-ACTTGA	1.2089580382288157e-169	1.0
Lnuclei-pool85-S16-C-GCCAAT	1.0	6.0950728771685694e-86
Lnuclei-pool85-S16-D-CGATGT	1.0	5.193508105643748e-150
Lnuclei-pool85-S16-F-ATCACG	1.0	1.9143032187815715e-156
Lnuclei-pool85-S16-G-TGACCA	9.363630992021905e-260	1.0
Lnuclei-pool85-S16-H-CAGATC	1.0	3.825604923519448e-155
Lnuclei-pool85-S16-I-CTTGTA	1.0	5.913233647149023e-301
Lnuclei-pool85-S16-J-GACGAG	2.0534793722627524e-31	1.0
Lnuclei-pool85-S16-K-AAGGTC	1.0	9.469127485785385e-171
Lnuclei-pool85-S16-L-TGTAGC	5.860528400138963e-148	1.0
Lnuclei-pool85-S16-M-TTGGCA	5.588834904195734e-94	1.0
Lnuclei-pool85-S16-N-CTACTG	1.0	2.0320573397501176e-132
Lnuclei-pool85-S16-O-CATATG	1.0	1.8378904062031495e-195
Lnuclei-pool85-S16-Q-ACCTTC	1.0	5.370276768492165e-236
Lnuclei-pool86-S17-A-TAGCTT	1.0	1.1073076193644248e-187
Lnuclei-pool86-S17-AA-GGAATG	1.0	1.1559243311141621e-239
Lnuclei-pool86-S17-B-ACTTGA	1.0	6.792188669640895e-187
Lnuclei-pool86-S17-BB-GCTTCA	1.0	1.662246218692131e-305
Lnuclei-pool86-S17-C-GCCAAT	8.566877128275155e-86	1.0
Lnuclei-pool86-S17-CC-TCCTAT	1.8352996482940236e-277	1.0
Lnuclei-pool86-S17-D-CGATGT	1.0	0.0
Lnuclei-pool86-S17-DD-TAAGGC	1.0	8.591257683445937e-207
Lnuclei-pool86-S17-EE-AACCTG	1.0	1.2445231900614846e-121
Lnuclei-pool86-S17-FF-TTCCCG	7.824814273694325e-225	1.0
Lnuclei-pool86-S17-HH-GCACTT	1.0	0.0
Lnuclei-pool86-S17-I-CTTGTA	1.0	0.0
Lnuclei-pool86-S17-J-GACGAG	1.0	5.512060995893276e-168
Lnuclei-pool86-S17-K-AAGGTC	1.0	3.4119329203004825e-197
Lnuclei-pool86-S17-L-TGTAGC	1.0	6.146769456589319e-179
Lnuclei-pool86-S17-M-TTGGCA	1.0	1.99878e-317
Lnuclei-pool86-S17-O-CATATG	5.2932010853389726e-163	1.0
Lnuclei-pool86-S17-P-GTATAC	1.0	6.434590067198496e-192
Lnuclei-pool86-S17-Q-ACCTTC	1.5699082482212692e-67	1.0
Lnuclei-pool86-S17-R-CTTCCA	1.512210629222239e-165	1.0
Lnuclei-pool86-S17-S-CGAATG	1.0	4.100778013062338e-289
Lnuclei-pool86-S17-T-AGCATC	1.0	2.4416462547494175e-177
Lnuclei-pool86-S17-U-TACCGA	1.0	1.4386414281316654e-267
Lnuclei-pool86-S17-V-CAAGGA	1.0	1.668696502774889e-167
Lnuclei-pool86-S17-X-CCGTAA	3.977794805841973e-240	1.0
Lnuclei-pool86-S17-Y-ATAGAC	1.0	4.472360485453499e-77
Lnuclei-pool86-S17-Z-AGGTCT	1.0	2.4820054552177443e-217
Lnuclei-pool87-S18-A-TAGCTT	1.0	4.574849902455627e-273
Lnuclei-pool87-S18-AA-GGAATG	3.388155560510296e-135	1.0
Lnuclei-pool87-S18-B-ACTTGA	1.029742053913746e-246	1.0
Lnuclei-pool87-S18-BB-GCTTCA	1.9086369973969063e-253	1.0
Lnuclei-pool87-S18-C-GCCAAT	6.318750252193541e-79	1.0
Lnuclei-pool87-S18-D-CGATGT	1.0	2.6512770071745788e-176
Lnuclei-pool87-S18-DD-TAAGGC	9.448898366458465e-241	1.0
Lnuclei-pool87-S18-EE-AACCTG	1.0	1.7546575011830955e-145
Lnuclei-pool87-S18-F-ATCACG	1.0	6.56675847381215e-49
Lnuclei-pool87-S18-FF-TTCCCG	1.0	5.258293166315348e-184
Lnuclei-pool87-S18-GG-GATCAT	1.0	0.0
Lnuclei-pool87-S18-H-CAGATC	1.0	2.4621942415989596e-111
Lnuclei-pool87-S18-HH-GCACTT	7.369574204419151e-100	1.0
Lnuclei-pool87-S18-I-CTTGTA	1.784457369012133e-260	1.0
Lnuclei-pool87-S18-J-GACGAG	1.0	4.659927281136493e-171
Lnuclei-pool87-S18-K-AAGGTC	1.0	0.0
Lnuclei-pool87-S18-L-TGTAGC	1.0	3.765220918221662e-151
Lnuclei-pool87-S18-M-TTGGCA	1.0	1.2857215580302552e-202
Lnuclei-pool87-S18-N-CTACTG	1.0	2.413708309237494e-266
Lnuclei-pool87-S18-O-CATATG	1.0	2.1700236221040667e-232
Lnuclei-pool87-S18-P-GTATAC	1.0	1.4064148246299048e-273
Lnuclei-pool87-S18-R-CTTCCA	9.039857552651838e-212	1.0
Lnuclei-pool87-S18-S-CGAATG	1.0	6.643622859004338e-18
Lnuclei-pool87-S18-T-AGCATC	2.1848936078487505e-118	1.0
Lnuclei-pool87-S18-V-CAAGGA	1.0	2.1004770582334916e-271
Lnuclei-pool87-S18-X-CCGTAA	1.0	7.648647876873008e-296
Lnuclei-pool87-S18-Y-ATAGAC	1.0	2.303174919804609e-308
